order_id,customer_id,product_id,shipment_id,quantity,refund_status,order_date
ORDER000000001,CUST000011,GMP5061366,SHIP100667,10,no,01-01-2023
ORDER000000002,CUST000024,ZYR1012336,SHIP101688,3,no,02-01-2023
ORDER000000002,CUST000024,SGM1261956,SHIP101688,1,no,02-01-2023
ORDER000000002,CUST000024,XNF8461378,SHIP101688,2,no,02-01-2023
ORDER000000002,CUST000024,CVM4430522,SHIP101688,9,no,02-01-2023
ORDER000000003,CUST000026,CVM4321114,SHIP104505,3,yes,04-01-2023
ORDER000000004,CUST000031,ROL0434925,SHIP108184,3,yes,05-01-2023
ORDER000000004,CUST000031,XNF9523830,SHIP108184,3,yes,05-01-2023
ORDER000000004,CUST000031,VTN6099871,SHIP108184,5,yes,05-01-2023
ORDER000000005,CUST000040,NDG9558150,SHIP108592,5,yes,06-01-2023
ORDER000000006,CUST000045,RQF7888611,SHIP109039,1,yes,07-01-2023
ORDER000000006,CUST000045,SOH4886681,SHIP109039,6,yes,07-01-2023
ORDER000000006,CUST000045,EMC6313821,SHIP109039,2,yes,07-01-2023
ORDER000000007,CUST000055,NDG0311423,SHIP109820,9,yes,08-01-2023
ORDER000000008,CUST000056,EMC4652289,SHIP110948,1,no,09-01-2023
ORDER000000009,CUST000060,NDG4392606,SHIP111698,4,no,10-01-2023
ORDER000000010,CUST000061,WGN9564267,SHIP114060,4,yes,11-01-2023
ORDER000000010,CUST000061,CVM9752429,SHIP114060,9,yes,11-01-2023
ORDER000000011,CUST000064,EMC6629775,SHIP114209,4,no,13-01-2023
ORDER000000011,CUST000064,SGM8660622,SHIP114209,9,no,13-01-2023
ORDER000000012,CUST000067,GUT9308232,SHIP114435,10,no,14-01-2023
ORDER000000012,CUST000067,ROL3021269,SHIP114435,4,no,14-01-2023
ORDER000000013,CUST000068,ROL0599310,SHIP115098,6,yes,15-01-2023
ORDER000000013,CUST000068,RQF2232583,SHIP115098,2,yes,15-01-2023
ORDER000000013,CUST000068,EMC6629775,SHIP115098,9,yes,15-01-2023
ORDER000000013,CUST000068,EMC6313821,SHIP115098,3,yes,15-01-2023
ORDER000000014,CUST000071,VTN8995065,SHIP116096,9,no,16-01-2023
ORDER000000014,CUST000071,VTN6860931,SHIP116096,8,no,16-01-2023
ORDER000000014,CUST000071,WGN4819865,SHIP116096,7,no,16-01-2023
ORDER000000014,CUST000071,GUT1451607,SHIP116096,4,no,16-01-2023
ORDER000000015,CUST000073,CVM4430522,SHIP116675,5,yes,17-01-2023
ORDER000000016,CUST000077,NDG9766467,SHIP116726,3,yes,18-01-2023
ORDER000000016,CUST000077,CVM0760216,SHIP116726,6,yes,18-01-2023
ORDER000000016,CUST000077,GMP6881907,SHIP116726,6,yes,18-01-2023
ORDER000000016,CUST000077,ROL3021269,SHIP116726,7,yes,18-01-2023
ORDER000000017,CUST000079,RQF4948374,SHIP117088,9,no,19-01-2023
ORDER000000017,CUST000079,VTN3298402,SHIP117088,4,no,19-01-2023
ORDER000000017,CUST000079,SOH0883208,SHIP117088,6,no,19-01-2023
ORDER000000018,CUST000087,EMC6280101,SHIP117959,6,yes,20-01-2023
ORDER000000019,CUST000089,VTN1911037,SHIP119038,6,no,21-01-2023
ORDER000000019,CUST000089,NDG9558150,SHIP119038,9,no,21-01-2023
ORDER000000019,CUST000089,YOS6212016,SHIP119038,2,no,21-01-2023
ORDER000000019,CUST000089,SGM1261956,SHIP119038,10,no,21-01-2023
ORDER000000020,CUST000097,GMP9633702,SHIP120373,2,no,22-01-2023
ORDER000000020,CUST000097,VMZ0003081,SHIP120373,7,no,22-01-2023
ORDER000000020,CUST000097,ROL9431842,SHIP120373,7,no,22-01-2023
ORDER000000020,CUST000097,SGM1700439,SHIP120373,5,no,22-01-2023
ORDER000000021,CUST000102,UZJ1821862,SHIP122719,1,yes,23-01-2023
ORDER000000021,CUST000102,XNF2417894,SHIP122719,6,yes,23-01-2023
ORDER000000022,CUST000108,SOH6238798,SHIP124247,5,no,24-01-2023
ORDER000000022,CUST000108,CVM3228990,SHIP124247,3,no,24-01-2023
ORDER000000022,CUST000108,SOH0883208,SHIP124247,4,no,24-01-2023
ORDER000000023,CUST000111,RXT6292302,SHIP127739,4,no,25-01-2023
ORDER000000023,CUST000111,ROL4985406,SHIP127739,1,no,25-01-2023
ORDER000000023,CUST000111,NDG9766467,SHIP127739,10,no,25-01-2023
ORDER000000023,CUST000111,UZJ9680772,SHIP127739,4,no,25-01-2023
ORDER000000024,CUST000121,CVM9752429,SHIP128847,5,no,26-01-2023
ORDER000000024,CUST000121,SOH3398022,SHIP128847,8,no,26-01-2023
ORDER000000024,CUST000121,ZYR6211135,SHIP128847,8,no,26-01-2023
ORDER000000024,CUST000121,ZYR6898465,SHIP128847,1,no,26-01-2023
ORDER000000025,CUST000137,SOH6265119,SHIP130631,1,yes,27-01-2023
ORDER000000025,CUST000137,GUT0947838,SHIP130631,10,yes,27-01-2023
ORDER000000025,CUST000137,UZJ5982377,SHIP130631,4,yes,27-01-2023
ORDER000000025,CUST000137,NDG9450588,SHIP130631,2,yes,27-01-2023
ORDER000000026,CUST000138,CVM9752429,SHIP130987,1,yes,28-01-2023
ORDER000000027,CUST000140,UZJ1821862,SHIP133617,1,no,29-01-2023
ORDER000000027,CUST000140,XNF3314925,SHIP133617,2,no,29-01-2023
ORDER000000028,CUST000159,YOS4058325,SHIP134061,8,no,30-01-2023
ORDER000000028,CUST000159,NDG0052662,SHIP134061,5,no,30-01-2023
ORDER000000028,CUST000159,XNF5619497,SHIP134061,10,no,30-01-2023
ORDER000000028,CUST000159,GUT4219151,SHIP134061,9,no,30-01-2023
ORDER000000029,CUST000169,GMP5784022,SHIP140219,1,yes,31-01-2023
ORDER000000029,CUST000169,RXT6292302,SHIP140219,1,yes,31-01-2023
ORDER000000030,CUST000175,UZJ5982377,SHIP140395,8,yes,01-02-2023
ORDER000000030,CUST000175,YOS2420964,SHIP140395,8,yes,01-02-2023
ORDER000000030,CUST000175,SOH6265119,SHIP140395,4,yes,01-02-2023
ORDER000000031,CUST000185,GMP7659138,SHIP140748,4,no,02-02-2023
ORDER000000031,CUST000185,GUT6481574,SHIP140748,3,no,02-02-2023
ORDER000000031,CUST000185,GUT5314874,SHIP140748,7,no,02-02-2023
ORDER000000031,CUST000185,IGV3606646,SHIP140748,10,no,02-02-2023
ORDER000000032,CUST000199,RKM3819872,SHIP141194,6,no,03-02-2023
ORDER000000032,CUST000199,XNF8050270,SHIP141194,5,no,03-02-2023
ORDER000000032,CUST000199,YOS2243963,SHIP141194,1,no,03-02-2023
ORDER000000033,CUST000200,VTN1911037,SHIP141539,1,yes,04-02-2023
ORDER000000033,CUST000200,XNF0138216,SHIP141539,9,yes,04-02-2023
ORDER000000033,CUST000200,GUT4636895,SHIP141539,8,yes,04-02-2023
ORDER000000034,CUST000209,VTN8452917,SHIP141558,9,no,05-02-2023
ORDER000000035,CUST000210,RXT4201987,SHIP142032,3,yes,06-02-2023
ORDER000000035,CUST000210,VTN6860931,SHIP142032,8,yes,06-02-2023
ORDER000000035,CUST000210,RKM6071262,SHIP142032,10,yes,06-02-2023
ORDER000000036,CUST000211,RXT4875862,SHIP144035,2,yes,07-02-2023
ORDER000000036,CUST000211,EMC7916619,SHIP144035,3,yes,07-02-2023
ORDER000000036,CUST000211,YOS2243963,SHIP144035,3,yes,07-02-2023
ORDER000000036,CUST000211,XNF4550349,SHIP144035,1,yes,07-02-2023
ORDER000000037,CUST000214,SOH6238798,SHIP146694,7,yes,08-02-2023
ORDER000000038,CUST000216,VTN1911037,SHIP147661,3,yes,09-02-2023
ORDER000000038,CUST000216,SOH6238798,SHIP147661,3,yes,09-02-2023
ORDER000000039,CUST000219,RQF8578163,SHIP153383,9,yes,10-02-2023
ORDER000000039,CUST000219,ZYR6211135,SHIP153383,6,yes,10-02-2023
ORDER000000039,CUST000219,SOH0513569,SHIP153383,1,yes,10-02-2023
ORDER000000040,CUST000222,VTN8995065,SHIP155893,6,yes,12-02-2023
ORDER000000040,CUST000222,ZYR6211135,SHIP155893,9,yes,12-02-2023
ORDER000000040,CUST000222,BUV5609935,SHIP155893,5,yes,12-02-2023
ORDER000000040,CUST000222,WGN8000358,SHIP155893,7,yes,12-02-2023
ORDER000000041,CUST000236,RQF9536186,SHIP156042,6,no,14-02-2023
ORDER000000041,CUST000236,ROL0599310,SHIP156042,5,no,14-02-2023
ORDER000000042,CUST000238,IGV0593877,SHIP157390,8,yes,16-02-2023
ORDER000000042,CUST000238,RXT6292302,SHIP157390,6,yes,16-02-2023
ORDER000000042,CUST000238,WGN8890085,SHIP157390,2,yes,16-02-2023
ORDER000000042,CUST000238,NDG5839108,SHIP157390,1,yes,16-02-2023
ORDER000000043,CUST000245,EMC4652289,SHIP158579,4,no,17-02-2023
ORDER000000043,CUST000245,WGN8890085,SHIP158579,9,no,17-02-2023
ORDER000000044,CUST000248,XNF4550349,SHIP159255,8,yes,18-02-2023
ORDER000000045,CUST000255,NDG9766467,SHIP159792,1,no,19-02-2023
ORDER000000045,CUST000255,RQF6814113,SHIP159792,6,no,19-02-2023
ORDER000000046,CUST000257,RXT6152826,SHIP162208,3,no,20-02-2023
ORDER000000046,CUST000257,CVM7108641,SHIP162208,9,no,20-02-2023
ORDER000000047,CUST000260,RQF2232583,SHIP162490,1,no,21-02-2023
ORDER000000047,CUST000260,VTN7673932,SHIP162490,9,no,21-02-2023
ORDER000000047,CUST000260,VMZ6554297,SHIP162490,4,no,21-02-2023
ORDER000000047,CUST000260,CVM5719533,SHIP162490,3,no,21-02-2023
ORDER000000048,CUST000261,EMC6629775,SHIP165064,2,yes,22-02-2023
ORDER000000048,CUST000261,XNF8006664,SHIP165064,8,yes,22-02-2023
ORDER000000048,CUST000261,XNF9652800,SHIP165064,10,yes,22-02-2023
ORDER000000048,CUST000261,IGV0593877,SHIP165064,2,yes,22-02-2023
ORDER000000049,CUST000262,BUV5914630,SHIP165574,3,no,23-02-2023
ORDER000000049,CUST000262,ZYR6211135,SHIP165574,3,no,23-02-2023
ORDER000000049,CUST000262,SOH0513569,SHIP165574,2,no,23-02-2023
ORDER000000049,CUST000262,NDG9558150,SHIP165574,10,no,23-02-2023
ORDER000000050,CUST000266,YOS6212016,SHIP167195,9,no,24-02-2023
ORDER000000050,CUST000266,ROL3021269,SHIP167195,8,no,24-02-2023
ORDER000000050,CUST000266,GUT4219151,SHIP167195,2,no,24-02-2023
ORDER000000050,CUST000266,SOH5564343,SHIP167195,4,no,24-02-2023
ORDER000000051,CUST000276,BUV1744147,SHIP170583,7,no,26-02-2023
ORDER000000051,CUST000276,ROL0599310,SHIP170583,10,no,26-02-2023
ORDER000000051,CUST000276,SGM7702649,SHIP170583,4,no,26-02-2023
ORDER000000052,CUST000278,GUT0782649,SHIP171099,4,no,27-02-2023
ORDER000000053,CUST000281,GUT3822418,SHIP173036,2,yes,28-02-2023
ORDER000000054,CUST000282,RQF2232583,SHIP173145,9,yes,01-03-2023
ORDER000000055,CUST000290,VTN7673932,SHIP175140,5,yes,02-03-2023
ORDER000000055,CUST000290,CVM8541353,SHIP175140,3,yes,02-03-2023
ORDER000000055,CUST000290,GMP2306609,SHIP175140,5,yes,02-03-2023
ORDER000000056,CUST000293,EMC9818609,SHIP175319,5,no,03-03-2023
ORDER000000056,CUST000293,UZJ5982377,SHIP175319,10,no,03-03-2023
ORDER000000056,CUST000293,CVM2548255,SHIP175319,3,no,03-03-2023
ORDER000000056,CUST000293,YOS4058325,SHIP175319,8,no,03-03-2023
ORDER000000057,CUST000295,CVM4430522,SHIP176136,4,no,04-03-2023
ORDER000000057,CUST000295,IGV0776716,SHIP176136,10,no,04-03-2023
ORDER000000057,CUST000295,UZJ5982377,SHIP176136,2,no,04-03-2023
ORDER000000057,CUST000295,VMZ6554297,SHIP176136,8,no,04-03-2023
ORDER000000058,CUST000297,XNF5619497,SHIP178860,5,no,05-03-2023
ORDER000000058,CUST000297,IGV0776716,SHIP178860,6,no,05-03-2023
ORDER000000058,CUST000297,RXT7810350,SHIP178860,7,no,05-03-2023
ORDER000000059,CUST000299,RQF6814113,SHIP180971,8,yes,06-03-2023
ORDER000000060,CUST000300,SGM0482033,SHIP182215,5,no,07-03-2023
ORDER000000061,CUST000308,GMP5061366,SHIP183344,9,no,08-03-2023
ORDER000000061,CUST000308,CVM7108641,SHIP183344,2,no,08-03-2023
ORDER000000062,CUST000310,SOH6672162,SHIP187509,10,no,09-03-2023
ORDER000000062,CUST000310,VTN3298402,SHIP187509,6,no,09-03-2023
ORDER000000062,CUST000310,SOH8039450,SHIP187509,4,no,09-03-2023
ORDER000000062,CUST000310,GUT0947838,SHIP187509,6,no,09-03-2023
ORDER000000063,CUST000311,EMC6280101,SHIP187690,4,no,10-03-2023
ORDER000000063,CUST000311,NDG0311423,SHIP187690,4,no,10-03-2023
ORDER000000063,CUST000311,RXT4875862,SHIP187690,8,no,10-03-2023
ORDER000000063,CUST000311,VMZ0753387,SHIP187690,7,no,10-03-2023
ORDER000000064,CUST000313,EMC2949289,SHIP192340,4,yes,11-03-2023
ORDER000000064,CUST000313,GMP6881907,SHIP192340,3,yes,11-03-2023
ORDER000000065,CUST000315,GUT5184597,SHIP192375,2,yes,12-03-2023
ORDER000000065,CUST000315,IGV2445147,SHIP192375,5,yes,12-03-2023
ORDER000000066,CUST000319,NDG2425533,SHIP194786,5,no,13-03-2023
ORDER000000066,CUST000319,RQF7888611,SHIP194786,3,no,13-03-2023
ORDER000000067,CUST000320,SGM1261956,SHIP195734,6,yes,14-03-2023
ORDER000000067,CUST000320,CVM9752429,SHIP195734,10,yes,14-03-2023
ORDER000000067,CUST000320,RKM3819872,SHIP195734,1,yes,14-03-2023
ORDER000000067,CUST000320,RXT7810350,SHIP195734,7,yes,14-03-2023
ORDER000000068,CUST000322,VMZ0003081,SHIP196052,6,no,15-03-2023
ORDER000000068,CUST000322,CVM8311069,SHIP196052,8,no,15-03-2023
ORDER000000068,CUST000322,GMP2649022,SHIP196052,5,no,15-03-2023
ORDER000000068,CUST000322,SOH0883208,SHIP196052,3,no,15-03-2023
ORDER000000069,CUST000328,EMC2949289,SHIP196658,2,no,16-03-2023
ORDER000000069,CUST000328,NDG8134832,SHIP196658,4,no,16-03-2023
ORDER000000070,CUST000329,WGN8774894,SHIP199241,1,yes,17-03-2023
ORDER000000070,CUST000329,SOH6672162,SHIP199241,1,yes,17-03-2023
ORDER000000071,CUST000333,YOS5367511,SHIP201200,2,no,18-03-2023
ORDER000000071,CUST000333,YOS3340791,SHIP201200,8,no,18-03-2023
ORDER000000071,CUST000333,GUT5314874,SHIP201200,5,no,18-03-2023
ORDER000000072,CUST000347,EMC4652289,SHIP202586,2,no,19-03-2023
ORDER000000072,CUST000347,BUV3069108,SHIP202586,10,no,19-03-2023
ORDER000000072,CUST000347,RQF4948374,SHIP202586,4,no,19-03-2023
ORDER000000073,CUST000352,GUT1451607,SHIP203183,3,yes,20-03-2023
ORDER000000073,CUST000352,WGN2326014,SHIP203183,1,yes,20-03-2023
ORDER000000073,CUST000352,VTN3298402,SHIP203183,8,yes,20-03-2023
ORDER000000074,CUST000356,GUT0518829,SHIP203458,4,yes,21-03-2023
ORDER000000075,CUST000362,CVM5719533,SHIP205230,6,no,22-03-2023
ORDER000000075,CUST000362,GUT9287045,SHIP205230,8,no,22-03-2023
ORDER000000075,CUST000362,VMZ2009147,SHIP205230,9,no,22-03-2023
ORDER000000076,CUST000364,ROL3021269,SHIP208098,2,yes,23-03-2023
ORDER000000076,CUST000364,CVM8701177,SHIP208098,5,yes,23-03-2023
ORDER000000076,CUST000364,GMP7659138,SHIP208098,7,yes,23-03-2023
ORDER000000076,CUST000364,BUV5609935,SHIP208098,9,yes,23-03-2023
ORDER000000077,CUST000366,RXT7810350,SHIP210095,6,no,24-03-2023
ORDER000000077,CUST000366,CVM8311069,SHIP210095,10,no,24-03-2023
ORDER000000077,CUST000366,YOS2243963,SHIP210095,10,no,24-03-2023
ORDER000000077,CUST000366,RKM5467286,SHIP210095,3,no,24-03-2023
ORDER000000078,CUST000371,NDG0934437,SHIP213057,4,yes,25-03-2023
ORDER000000079,CUST000372,ZYR3631072,SHIP214103,8,no,26-03-2023
ORDER000000079,CUST000372,ROL4985406,SHIP214103,3,no,26-03-2023
ORDER000000079,CUST000372,XNF0138216,SHIP214103,4,no,26-03-2023
ORDER000000079,CUST000372,SOH8039450,SHIP214103,9,no,26-03-2023
ORDER000000080,CUST000378,YOS4058325,SHIP214531,8,no,27-03-2023
ORDER000000081,CUST000383,VTN7507190,SHIP215620,3,yes,28-03-2023
ORDER000000081,CUST000383,GMP6881907,SHIP215620,7,yes,28-03-2023
ORDER000000081,CUST000383,RXT4875862,SHIP215620,3,yes,28-03-2023
ORDER000000082,CUST000409,RQF4948374,SHIP219746,5,no,29-03-2023
ORDER000000082,CUST000409,VMZ8631818,SHIP219746,7,no,29-03-2023
ORDER000000082,CUST000409,SGM7702649,SHIP219746,4,no,29-03-2023
ORDER000000083,CUST000412,RQF5434243,SHIP220780,3,no,31-03-2023
ORDER000000083,CUST000412,CVM5719533,SHIP220780,3,no,31-03-2023
ORDER000000083,CUST000412,CVM6861119,SHIP220780,7,no,31-03-2023
ORDER000000084,CUST000426,EMC6300933,SHIP220906,9,yes,01-04-2023
ORDER000000084,CUST000426,RQF9536186,SHIP220906,10,yes,01-04-2023
ORDER000000084,CUST000426,SOH8039450,SHIP220906,4,yes,01-04-2023
ORDER000000084,CUST000426,UZJ9680772,SHIP220906,8,yes,01-04-2023
ORDER000000085,CUST000430,ZYR6211135,SHIP221458,4,no,02-04-2023
ORDER000000085,CUST000430,GMP2649022,SHIP221458,4,no,02-04-2023
ORDER000000086,CUST000433,VMZ8016303,SHIP223571,10,yes,03-04-2023
ORDER000000086,CUST000433,GMP6835047,SHIP223571,5,yes,03-04-2023
ORDER000000086,CUST000433,YOS0682654,SHIP223571,9,yes,03-04-2023
ORDER000000087,CUST000437,NDG5839108,SHIP227980,4,no,04-04-2023
ORDER000000087,CUST000437,SOH6238798,SHIP227980,7,no,04-04-2023
ORDER000000087,CUST000437,RQF9536186,SHIP227980,5,no,04-04-2023
ORDER000000087,CUST000437,GUT9308232,SHIP227980,6,no,04-04-2023
ORDER000000088,CUST000440,VTN6099871,SHIP228112,7,no,05-04-2023
ORDER000000088,CUST000440,IGV3606646,SHIP228112,7,no,05-04-2023
ORDER000000088,CUST000440,YOS0682654,SHIP228112,10,no,05-04-2023
ORDER000000088,CUST000440,NDG6626952,SHIP228112,3,no,05-04-2023
ORDER000000089,CUST000446,BUV1744147,SHIP229589,4,no,06-04-2023
ORDER000000089,CUST000446,CVM3228990,SHIP229589,3,no,06-04-2023
ORDER000000089,CUST000446,WGN1079933,SHIP229589,8,no,06-04-2023
ORDER000000089,CUST000446,VTN6099871,SHIP229589,7,no,06-04-2023
ORDER000000090,CUST000452,GUT0947838,SHIP229778,2,no,08-04-2023
ORDER000000090,CUST000452,NDG8134832,SHIP229778,10,no,08-04-2023
ORDER000000091,CUST000463,BUV7254144,SHIP232523,2,yes,09-04-2023
ORDER000000091,CUST000463,IGV0776716,SHIP232523,3,yes,09-04-2023
ORDER000000091,CUST000463,UZJ7036665,SHIP232523,1,yes,09-04-2023
ORDER000000092,CUST000480,VMZ6554297,SHIP233830,5,no,10-04-2023
ORDER000000092,CUST000480,RKM2644108,SHIP233830,5,no,10-04-2023
ORDER000000092,CUST000480,YOS4058325,SHIP233830,10,no,10-04-2023
ORDER000000092,CUST000480,GUT9308232,SHIP233830,6,no,10-04-2023
ORDER000000093,CUST000487,NDG0052662,SHIP235087,6,yes,11-04-2023
ORDER000000093,CUST000487,VTN6099871,SHIP235087,10,yes,11-04-2023
ORDER000000093,CUST000487,SOH0461882,SHIP235087,9,yes,11-04-2023
ORDER000000094,CUST000494,ROL9431842,SHIP236364,3,yes,12-04-2023
ORDER000000095,CUST000495,UZJ9680772,SHIP237485,3,yes,13-04-2023
ORDER000000095,CUST000495,XNF7050724,SHIP237485,1,yes,13-04-2023
ORDER000000095,CUST000495,VTN8452917,SHIP237485,8,yes,13-04-2023
ORDER000000096,CUST000500,VTN7804346,SHIP237870,9,yes,14-04-2023
ORDER000000096,CUST000500,WGN0478286,SHIP237870,3,yes,14-04-2023
ORDER000000097,CUST000514,WGN4819865,SHIP238702,8,yes,15-04-2023
ORDER000000097,CUST000514,GMP7659138,SHIP238702,7,yes,15-04-2023
ORDER000000097,CUST000514,YOS6089591,SHIP238702,9,yes,15-04-2023
ORDER000000098,CUST000522,GUT4636895,SHIP241237,8,no,16-04-2023
ORDER000000098,CUST000522,VTN6099871,SHIP241237,7,no,16-04-2023
ORDER000000099,CUST000523,CVM3228990,SHIP241466,6,no,18-04-2023
ORDER000000099,CUST000523,NDG5839108,SHIP241466,5,no,18-04-2023
ORDER000000099,CUST000523,SGM5845897,SHIP241466,10,no,18-04-2023
ORDER000000100,CUST000527,GUT1451607,SHIP242426,3,no,19-04-2023
ORDER000000100,CUST000527,VTN7507190,SHIP242426,9,no,19-04-2023
ORDER000000101,CUST000528,SOH6672162,SHIP242715,5,no,20-04-2023
ORDER000000101,CUST000528,GMP2306609,SHIP242715,3,no,20-04-2023
ORDER000000101,CUST000528,GUT7213327,SHIP242715,2,no,20-04-2023
ORDER000000101,CUST000528,RQF6814113,SHIP242715,9,no,20-04-2023
ORDER000000102,CUST000529,IGV2445147,SHIP242963,2,no,21-04-2023
ORDER000000102,CUST000529,GMP2306609,SHIP242963,6,no,21-04-2023
ORDER000000102,CUST000529,VTN1911037,SHIP242963,1,no,21-04-2023
ORDER000000103,CUST000530,WGN2326014,SHIP245323,9,yes,22-04-2023
ORDER000000103,CUST000530,SGM7702649,SHIP245323,5,yes,22-04-2023
ORDER000000103,CUST000530,XNF9146114,SHIP245323,3,yes,22-04-2023
ORDER000000104,CUST000535,CVM0949863,SHIP247127,9,no,23-04-2023
ORDER000000104,CUST000535,VMZ7358222,SHIP247127,9,no,23-04-2023
ORDER000000104,CUST000535,VTN7507190,SHIP247127,9,no,23-04-2023
ORDER000000104,CUST000535,XNF7023344,SHIP247127,9,no,23-04-2023
ORDER000000105,CUST000543,YOS3340791,SHIP248573,9,yes,24-04-2023
ORDER000000105,CUST000543,BUV1744147,SHIP248573,7,yes,24-04-2023
ORDER000000105,CUST000543,BUV5914630,SHIP248573,9,yes,24-04-2023
ORDER000000106,CUST000544,YOS0682654,SHIP253200,4,no,25-04-2023
ORDER000000107,CUST000549,RQF8578163,SHIP256519,9,yes,26-04-2023
ORDER000000107,CUST000549,BUV5972506,SHIP256519,1,yes,26-04-2023
ORDER000000107,CUST000549,VTN7507190,SHIP256519,8,yes,26-04-2023
ORDER000000108,CUST000550,GMP9633702,SHIP258862,4,no,27-04-2023
ORDER000000109,CUST000555,XNF3314925,SHIP259345,2,no,28-04-2023
ORDER000000109,CUST000555,ZYR6898465,SHIP259345,3,no,28-04-2023
ORDER000000109,CUST000555,SGM1261956,SHIP259345,8,no,28-04-2023
ORDER000000109,CUST000555,SGM5845897,SHIP259345,9,no,28-04-2023
ORDER000000110,CUST000560,GUT9287045,SHIP260249,6,yes,29-04-2023
ORDER000000110,CUST000560,ROL0434925,SHIP260249,8,yes,29-04-2023
ORDER000000110,CUST000560,SOH3398022,SHIP260249,4,yes,29-04-2023
ORDER000000111,CUST000571,WGN8391303,SHIP261313,4,yes,30-04-2023
ORDER000000112,CUST000579,CVM7108641,SHIP267227,2,yes,01-05-2023
ORDER000000112,CUST000579,NDG8134832,SHIP267227,5,yes,01-05-2023
ORDER000000113,CUST000584,EMC4652289,SHIP267311,7,no,02-05-2023
ORDER000000113,CUST000584,RQF1643393,SHIP267311,8,no,02-05-2023
ORDER000000113,CUST000584,SGM1700439,SHIP267311,8,no,02-05-2023
ORDER000000113,CUST000584,RQF5171622,SHIP267311,3,no,02-05-2023
ORDER000000114,CUST000585,SGM8660622,SHIP268799,5,no,03-05-2023
ORDER000000114,CUST000585,GUT9308232,SHIP268799,6,no,03-05-2023
ORDER000000115,CUST000590,VTN7804346,SHIP273244,3,yes,04-05-2023
ORDER000000115,CUST000590,SGM1700439,SHIP273244,4,yes,04-05-2023
ORDER000000115,CUST000590,IGV0984000,SHIP273244,2,yes,04-05-2023
ORDER000000115,CUST000590,BUV9473177,SHIP273244,8,yes,04-05-2023
ORDER000000116,CUST000591,SGM5845897,SHIP274310,5,no,05-05-2023
ORDER000000116,CUST000591,GMP3239617,SHIP274310,5,no,05-05-2023
ORDER000000116,CUST000591,SGM5902996,SHIP274310,7,no,05-05-2023
ORDER000000117,CUST000596,VMZ8016303,SHIP275034,1,yes,06-05-2023
ORDER000000117,CUST000596,XNF7023344,SHIP275034,5,yes,06-05-2023
ORDER000000117,CUST000596,EMC6280101,SHIP275034,10,yes,06-05-2023
ORDER000000117,CUST000596,IGV2445147,SHIP275034,2,yes,06-05-2023
ORDER000000118,CUST000600,VMZ0003081,SHIP276093,8,yes,07-05-2023
ORDER000000118,CUST000600,XNF0138216,SHIP276093,8,yes,07-05-2023
ORDER000000118,CUST000600,XNF9146114,SHIP276093,9,yes,07-05-2023
ORDER000000118,CUST000600,SOH5564343,SHIP276093,7,yes,07-05-2023
ORDER000000119,CUST000602,RKM3819872,SHIP282031,4,no,08-05-2023
ORDER000000119,CUST000602,EMC6280101,SHIP282031,10,no,08-05-2023
ORDER000000120,CUST000605,BUV9473177,SHIP283232,6,no,09-05-2023
ORDER000000120,CUST000605,GUT9308232,SHIP283232,1,no,09-05-2023
ORDER000000120,CUST000605,EMC6313821,SHIP283232,3,no,09-05-2023
ORDER000000121,CUST000614,CVM9752429,SHIP284490,4,no,10-05-2023
ORDER000000121,CUST000614,VMZ8631818,SHIP284490,1,no,10-05-2023
ORDER000000122,CUST000618,IGV0776716,SHIP285268,1,yes,12-05-2023
ORDER000000122,CUST000618,SGM1168388,SHIP285268,1,yes,12-05-2023
ORDER000000122,CUST000618,BUV5914630,SHIP285268,9,yes,12-05-2023
ORDER000000122,CUST000618,ROL0599310,SHIP285268,9,yes,12-05-2023
ORDER000000123,CUST000622,GMP5061366,SHIP285485,10,no,13-05-2023
ORDER000000124,CUST000627,SOH1230566,SHIP288645,1,yes,14-05-2023
ORDER000000125,CUST000636,GUT1774517,SHIP289053,8,no,15-05-2023
ORDER000000125,CUST000636,RKM6071262,SHIP289053,2,no,15-05-2023
ORDER000000125,CUST000636,SOH5564343,SHIP289053,6,no,15-05-2023
ORDER000000126,CUST000637,XNF9146114,SHIP289788,10,yes,16-05-2023
ORDER000000127,CUST000644,IGV4716736,SHIP290281,10,no,17-05-2023
ORDER000000127,CUST000644,IGV0776716,SHIP290281,5,no,17-05-2023
ORDER000000128,CUST000645,NDG0311423,SHIP293206,8,yes,18-05-2023
ORDER000000128,CUST000645,ROL3021269,SHIP293206,2,yes,18-05-2023
ORDER000000128,CUST000645,NDG4392606,SHIP293206,8,yes,18-05-2023
ORDER000000129,CUST000650,RXT6152826,SHIP295660,1,no,19-05-2023
ORDER000000129,CUST000650,GUT3822418,SHIP295660,8,no,19-05-2023
ORDER000000129,CUST000650,VMZ7358222,SHIP295660,4,no,19-05-2023
ORDER000000129,CUST000650,RQF7888611,SHIP295660,10,no,19-05-2023
ORDER000000130,CUST000651,ZYR3631072,SHIP302141,8,no,20-05-2023
ORDER000000131,CUST000653,GUT0947838,SHIP302733,6,no,21-05-2023
ORDER000000131,CUST000653,YOS5367511,SHIP302733,6,no,21-05-2023
ORDER000000131,CUST000653,SOH6672162,SHIP302733,3,no,21-05-2023
ORDER000000131,CUST000653,XNF3314925,SHIP302733,3,no,21-05-2023
ORDER000000132,CUST000657,NDG0934437,SHIP303228,2,no,22-05-2023
ORDER000000133,CUST000661,NDG5439274,SHIP305647,10,yes,23-05-2023
ORDER000000133,CUST000661,YOS3505883,SHIP305647,3,yes,23-05-2023
ORDER000000133,CUST000661,SGM1700439,SHIP305647,10,yes,23-05-2023
ORDER000000133,CUST000661,UZJ9680772,SHIP305647,3,yes,23-05-2023
ORDER000000134,CUST000663,NDG8635647,SHIP307085,4,no,26-05-2023
ORDER000000135,CUST000669,SOH0883208,SHIP308190,4,yes,27-05-2023
ORDER000000135,CUST000669,NDG2425533,SHIP308190,6,yes,27-05-2023
ORDER000000135,CUST000669,NDG0311423,SHIP308190,8,yes,27-05-2023
ORDER000000135,CUST000669,ROL0434925,SHIP308190,7,yes,27-05-2023
ORDER000000136,CUST000671,NDG9766467,SHIP310443,8,no,28-05-2023
ORDER000000136,CUST000671,NDG9450588,SHIP310443,7,no,28-05-2023
ORDER000000136,CUST000671,RQF2232583,SHIP310443,5,no,28-05-2023
ORDER000000136,CUST000671,VTN5556900,SHIP310443,2,no,28-05-2023
ORDER000000137,CUST000678,EMC8122674,SHIP311638,7,no,29-05-2023
ORDER000000137,CUST000678,SOH1230566,SHIP311638,8,no,29-05-2023
ORDER000000137,CUST000678,IGV0593877,SHIP311638,2,no,29-05-2023
ORDER000000138,CUST000679,XNF8006664,SHIP312759,3,yes,30-05-2023
ORDER000000138,CUST000679,UZJ5982377,SHIP312759,6,yes,30-05-2023
ORDER000000138,CUST000679,RXT7986310,SHIP312759,4,yes,30-05-2023
ORDER000000139,CUST000680,RKM2644108,SHIP313383,8,no,31-05-2023
ORDER000000139,CUST000680,RQF2232583,SHIP313383,1,no,31-05-2023
ORDER000000140,CUST000688,WGN1079933,SHIP313481,3,yes,02-06-2023
ORDER000000141,CUST000690,SGM5902996,SHIP318558,4,no,03-06-2023
ORDER000000141,CUST000690,ZYR1012336,SHIP318558,9,no,03-06-2023
ORDER000000141,CUST000690,NDG5839108,SHIP318558,2,no,03-06-2023
ORDER000000141,CUST000690,SOH4886681,SHIP318558,9,no,03-06-2023
ORDER000000142,CUST000693,CVM8960007,SHIP319802,4,yes,04-06-2023
ORDER000000142,CUST000693,EMC8122674,SHIP319802,1,yes,04-06-2023
ORDER000000142,CUST000693,XNF7023344,SHIP319802,5,yes,04-06-2023
ORDER000000143,CUST000698,GUT0518829,SHIP322909,2,no,05-06-2023
ORDER000000143,CUST000698,ZYR1012336,SHIP322909,5,no,05-06-2023
ORDER000000143,CUST000698,XNF9523830,SHIP322909,5,no,05-06-2023
ORDER000000143,CUST000698,EMC2949289,SHIP322909,7,no,05-06-2023
ORDER000000144,CUST000714,EMC7916619,SHIP324254,2,no,06-06-2023
ORDER000000144,CUST000714,SGM5845897,SHIP324254,7,no,06-06-2023
ORDER000000144,CUST000714,NDG5839108,SHIP324254,9,no,06-06-2023
ORDER000000145,CUST000715,XNF8461378,SHIP326138,7,yes,08-06-2023
ORDER000000146,CUST000717,WGN8774894,SHIP326349,7,no,09-06-2023
ORDER000000147,CUST000722,YOS6089591,SHIP327991,4,yes,10-06-2023
ORDER000000147,CUST000722,ROL3021269,SHIP327991,3,yes,10-06-2023
ORDER000000147,CUST000722,WGN0117710,SHIP327991,3,yes,10-06-2023
ORDER000000148,CUST000738,RXT6152826,SHIP329548,2,no,11-06-2023
ORDER000000148,CUST000738,VMZ5066006,SHIP329548,8,no,11-06-2023
ORDER000000148,CUST000738,XNF4550349,SHIP329548,10,no,11-06-2023
ORDER000000149,CUST000741,IGV4716736,SHIP330028,9,no,12-06-2023
ORDER000000149,CUST000741,WGN8774894,SHIP330028,10,no,12-06-2023
ORDER000000150,CUST000742,GUT9308232,SHIP330095,4,yes,13-06-2023
ORDER000000150,CUST000742,GMP5061366,SHIP330095,8,yes,13-06-2023
ORDER000000151,CUST000750,VTN7507190,SHIP330408,1,no,14-06-2023
ORDER000000151,CUST000750,RQF8578163,SHIP330408,1,no,14-06-2023
ORDER000000152,CUST000754,SGM1168388,SHIP330564,1,no,15-06-2023
ORDER000000152,CUST000754,NDG8635647,SHIP330564,1,no,15-06-2023
ORDER000000152,CUST000754,WGN9564267,SHIP330564,1,no,15-06-2023
ORDER000000153,CUST000762,CVM7150748,SHIP331169,8,yes,16-06-2023
ORDER000000153,CUST000762,RXT1006537,SHIP331169,4,yes,16-06-2023
ORDER000000153,CUST000762,BUV5914630,SHIP331169,1,yes,16-06-2023
ORDER000000154,CUST000765,SOH0461882,SHIP331375,5,yes,17-06-2023
ORDER000000155,CUST000768,RXT2088819,SHIP331809,4,yes,18-06-2023
ORDER000000155,CUST000768,WGN2724712,SHIP331809,3,yes,18-06-2023
ORDER000000155,CUST000768,RQF5434243,SHIP331809,1,yes,18-06-2023
ORDER000000156,CUST000788,YOS2243963,SHIP332132,4,yes,20-06-2023
ORDER000000156,CUST000788,WGN0478286,SHIP332132,9,yes,20-06-2023
ORDER000000156,CUST000788,EMC7916619,SHIP332132,3,yes,20-06-2023
ORDER000000157,CUST000801,WGN0117710,SHIP333117,4,no,21-06-2023
ORDER000000158,CUST000803,NDG8635647,SHIP333943,8,yes,22-06-2023
ORDER000000159,CUST000811,XNF4550349,SHIP335094,3,no,23-06-2023
ORDER000000159,CUST000811,EMC2949289,SHIP335094,10,no,23-06-2023
ORDER000000159,CUST000811,EMC7916619,SHIP335094,4,no,23-06-2023
ORDER000000160,CUST000812,BUV5609935,SHIP335490,4,no,24-06-2023
ORDER000000160,CUST000812,UZJ7036665,SHIP335490,6,no,24-06-2023
ORDER000000160,CUST000812,EMC6300933,SHIP335490,3,no,24-06-2023
ORDER000000160,CUST000812,GMP7659138,SHIP335490,9,no,24-06-2023
ORDER000000161,CUST000817,WGN4286986,SHIP335809,10,no,26-06-2023
ORDER000000162,CUST000821,SGM1700439,SHIP336331,6,no,27-06-2023
ORDER000000162,CUST000821,GUT4636895,SHIP336331,3,no,27-06-2023
ORDER000000163,CUST000823,SOH6265119,SHIP336735,10,yes,28-06-2023
ORDER000000164,CUST000824,GUT9308232,SHIP337607,2,no,29-06-2023
ORDER000000164,CUST000824,VTN5556900,SHIP337607,5,no,29-06-2023
ORDER000000164,CUST000824,EMC0133040,SHIP337607,7,no,29-06-2023
ORDER000000165,CUST000827,ZYR6461308,SHIP340765,1,yes,30-06-2023
ORDER000000165,CUST000827,IGV2445147,SHIP340765,3,yes,30-06-2023
ORDER000000165,CUST000827,RXT7810350,SHIP340765,7,yes,30-06-2023
ORDER000000165,CUST000827,EMC6300933,SHIP340765,6,yes,30-06-2023
ORDER000000166,CUST000830,VTN7673932,SHIP341648,9,yes,01-07-2023
ORDER000000167,CUST000838,EMC7916619,SHIP342102,6,no,02-07-2023
ORDER000000167,CUST000838,RKM4596639,SHIP342102,2,no,02-07-2023
ORDER000000167,CUST000838,XNF7023344,SHIP342102,3,no,02-07-2023
ORDER000000167,CUST000838,XNF9146114,SHIP342102,10,no,02-07-2023
ORDER000000168,CUST000846,EMC9818609,SHIP345295,3,yes,03-07-2023
ORDER000000168,CUST000846,IGV1801931,SHIP345295,8,yes,03-07-2023
ORDER000000169,CUST000850,RQF2232583,SHIP346200,1,no,04-07-2023
ORDER000000169,CUST000850,YOS5367511,SHIP346200,7,no,04-07-2023
ORDER000000169,CUST000850,RKM2644108,SHIP346200,5,no,04-07-2023
ORDER000000169,CUST000850,NDG2425533,SHIP346200,3,no,04-07-2023
ORDER000000170,CUST000860,BUV1744147,SHIP346863,9,no,05-07-2023
ORDER000000170,CUST000860,GUT0947838,SHIP346863,5,no,05-07-2023
ORDER000000171,CUST000866,GMP5784022,SHIP349644,5,no,06-07-2023
ORDER000000172,CUST000867,XNF8461378,SHIP349715,2,no,07-07-2023
ORDER000000173,CUST000868,YOS6089591,SHIP350895,7,no,08-07-2023
ORDER000000174,CUST000880,NDG8134832,SHIP351322,8,yes,09-07-2023
ORDER000000174,CUST000880,VTN7507190,SHIP351322,6,yes,09-07-2023
ORDER000000175,CUST000884,GMP0900162,SHIP352459,10,no,10-07-2023
ORDER000000175,CUST000884,GUT9287045,SHIP352459,5,no,10-07-2023
ORDER000000175,CUST000884,IGV0593877,SHIP352459,8,no,10-07-2023
ORDER000000176,CUST000885,ZYR3631072,SHIP352947,3,yes,11-07-2023
ORDER000000176,CUST000885,CVM4092847,SHIP352947,8,yes,11-07-2023
ORDER000000176,CUST000885,IGV3606646,SHIP352947,4,yes,11-07-2023
ORDER000000177,CUST000893,RXT2088819,SHIP354671,7,no,12-07-2023
ORDER000000177,CUST000893,CVM8960007,SHIP354671,8,no,12-07-2023
ORDER000000178,CUST000894,CVM9752429,SHIP356880,1,yes,13-07-2023
ORDER000000178,CUST000894,SGM1261956,SHIP356880,4,yes,13-07-2023
ORDER000000179,CUST000900,UZJ1821862,SHIP358697,5,no,14-07-2023
ORDER000000179,CUST000900,YOS6212016,SHIP358697,7,no,14-07-2023
ORDER000000179,CUST000900,WGN4286986,SHIP358697,4,no,14-07-2023
ORDER000000179,CUST000900,CVM8541353,SHIP358697,4,no,14-07-2023
ORDER000000180,CUST000902,IGV0776716,SHIP359260,5,no,15-07-2023
ORDER000000180,CUST000902,VTN1911037,SHIP359260,3,no,15-07-2023
ORDER000000181,CUST000903,RKM5467286,SHIP361983,5,no,16-07-2023
ORDER000000181,CUST000903,GMP5784022,SHIP361983,10,no,16-07-2023
ORDER000000181,CUST000903,RXT6152826,SHIP361983,3,no,16-07-2023
ORDER000000182,CUST000915,NDG4392606,SHIP362680,10,no,17-07-2023
ORDER000000182,CUST000915,RQF2232583,SHIP362680,10,no,17-07-2023
ORDER000000182,CUST000915,GMP5784022,SHIP362680,6,no,17-07-2023
ORDER000000183,CUST000918,VTN5556900,SHIP367309,4,no,18-07-2023
ORDER000000183,CUST000918,ROL0599310,SHIP367309,4,no,18-07-2023
ORDER000000183,CUST000918,VMZ0753387,SHIP367309,1,no,18-07-2023
ORDER000000184,CUST000925,VMZ0753387,SHIP367957,8,yes,19-07-2023
ORDER000000184,CUST000925,YOS2420964,SHIP367957,6,yes,19-07-2023
ORDER000000184,CUST000925,GMP0900162,SHIP367957,4,yes,19-07-2023
ORDER000000184,CUST000925,XNF9652800,SHIP367957,9,yes,19-07-2023
ORDER000000185,CUST000937,XNF4550349,SHIP368581,6,no,20-07-2023
ORDER000000185,CUST000937,YOS5367511,SHIP368581,1,no,20-07-2023
ORDER000000186,CUST000939,CVM6861119,SHIP370348,1,no,22-07-2023
ORDER000000187,CUST000942,NDG8134832,SHIP370527,7,no,23-07-2023
ORDER000000187,CUST000942,RKM4596639,SHIP370527,1,no,23-07-2023
ORDER000000187,CUST000942,RQF6814113,SHIP370527,10,no,23-07-2023
ORDER000000188,CUST000943,WGN8000358,SHIP370552,10,no,24-07-2023
ORDER000000188,CUST000943,RXT1006537,SHIP370552,3,no,24-07-2023
ORDER000000189,CUST000948,CVM4321114,SHIP371359,8,no,25-07-2023
ORDER000000190,CUST000949,BUV1744147,SHIP372273,6,yes,26-07-2023
ORDER000000191,CUST000960,GUT9287045,SHIP372355,4,no,27-07-2023
ORDER000000191,CUST000960,VTN7673932,SHIP372355,9,no,27-07-2023
ORDER000000191,CUST000960,ROL0434925,SHIP372355,6,no,27-07-2023
ORDER000000191,CUST000960,SGM1168388,SHIP372355,6,no,27-07-2023
ORDER000000192,CUST000974,ROL6572929,SHIP373857,10,no,28-07-2023
ORDER000000192,CUST000974,CVM8960007,SHIP373857,8,no,28-07-2023
ORDER000000192,CUST000974,XNF5619497,SHIP373857,4,no,28-07-2023
ORDER000000192,CUST000974,VTN7673932,SHIP373857,1,no,28-07-2023
ORDER000000193,CUST000975,SOH4196001,SHIP375532,9,yes,29-07-2023
ORDER000000193,CUST000975,EMC6629775,SHIP375532,1,yes,29-07-2023
ORDER000000193,CUST000975,GMP3239617,SHIP375532,10,yes,29-07-2023
ORDER000000193,CUST000975,XNF3314925,SHIP375532,7,yes,29-07-2023
ORDER000000194,CUST000978,NDG0052662,SHIP377087,2,no,30-07-2023
ORDER000000194,CUST000978,RQF5171622,SHIP377087,6,no,30-07-2023
ORDER000000194,CUST000978,XNF7050724,SHIP377087,6,no,30-07-2023
ORDER000000194,CUST000978,XNF4550349,SHIP377087,3,no,30-07-2023
ORDER000000195,CUST000979,UZJ1079680,SHIP387569,4,yes,01-08-2023
ORDER000000195,CUST000979,WGN8774894,SHIP387569,3,yes,01-08-2023
ORDER000000195,CUST000979,YOS5430642,SHIP387569,10,yes,01-08-2023
ORDER000000195,CUST000979,GUT9308232,SHIP387569,10,yes,01-08-2023
ORDER000000196,CUST000986,RXT1006537,SHIP390268,2,no,02-08-2023
ORDER000000196,CUST000986,BUV5609935,SHIP390268,8,no,02-08-2023
ORDER000000196,CUST000986,BUV5914630,SHIP390268,6,no,02-08-2023
ORDER000000196,CUST000986,NDG6626952,SHIP390268,3,no,02-08-2023
ORDER000000197,CUST000987,ROL6572929,SHIP391082,3,yes,03-08-2023
ORDER000000198,CUST000990,NDG5439274,SHIP391237,2,yes,04-08-2023
ORDER000000198,CUST000990,WGN4819865,SHIP391237,3,yes,04-08-2023
ORDER000000198,CUST000990,ZYR6898465,SHIP391237,3,yes,04-08-2023
ORDER000000198,CUST000990,GUT4031004,SHIP391237,7,yes,04-08-2023
ORDER000000199,CUST000996,WGN8000358,SHIP396996,2,no,05-08-2023
ORDER000000199,CUST000996,VMZ5066006,SHIP396996,7,no,05-08-2023
ORDER000000199,CUST000996,VTN3298402,SHIP396996,3,no,05-08-2023
ORDER000000199,CUST000996,BUV7254144,SHIP396996,9,no,05-08-2023
ORDER000000200,CUST000999,BUV7254144,SHIP398582,2,no,06-08-2023
ORDER000000200,CUST000999,GUT4636895,SHIP398582,9,no,06-08-2023
ORDER000000201,CUST000011,SGM8660622,SHIP400080,4,no,07-08-2023
ORDER000000201,CUST000011,VMZ0003081,SHIP400080,8,no,07-08-2023
ORDER000000201,CUST000011,NDG6626952,SHIP400080,10,no,07-08-2023
ORDER000000202,CUST000024,EMC5471934,SHIP402706,5,no,08-08-2023
ORDER000000202,CUST000024,XNF8050270,SHIP402706,4,no,08-08-2023
ORDER000000202,CUST000024,RXT6152826,SHIP402706,6,no,08-08-2023
ORDER000000202,CUST000024,VMZ6554297,SHIP402706,4,no,08-08-2023
ORDER000000203,CUST000026,GMP5784022,SHIP402780,3,no,09-08-2023
ORDER000000203,CUST000026,RQF8578163,SHIP402780,10,no,09-08-2023
ORDER000000204,CUST000031,ROL0599310,SHIP404722,8,no,10-08-2023
ORDER000000204,CUST000031,RQF7888611,SHIP404722,2,no,10-08-2023
ORDER000000204,CUST000031,XNF0138216,SHIP404722,2,no,10-08-2023
ORDER000000204,CUST000031,WGN8000358,SHIP404722,3,no,10-08-2023
ORDER000000205,CUST000040,RKM5467286,SHIP405006,8,no,11-08-2023
ORDER000000205,CUST000040,ZYR6461308,SHIP405006,5,no,11-08-2023
ORDER000000205,CUST000040,GUT1774517,SHIP405006,6,no,11-08-2023
ORDER000000205,CUST000040,SOH1230566,SHIP405006,2,no,11-08-2023
ORDER000000206,CUST000045,NDG0052662,SHIP407110,8,no,12-08-2023
ORDER000000206,CUST000045,BUV5972506,SHIP407110,6,no,12-08-2023
ORDER000000206,CUST000045,EMC5471934,SHIP407110,4,no,12-08-2023
ORDER000000206,CUST000045,RXT2088819,SHIP407110,5,no,12-08-2023
ORDER000000207,CUST000055,GUT9287045,SHIP407249,2,yes,13-08-2023
ORDER000000207,CUST000055,XNF7050724,SHIP407249,8,yes,13-08-2023
ORDER000000207,CUST000055,UZJ1079680,SHIP407249,2,yes,13-08-2023
ORDER000000208,CUST000056,RQF5171622,SHIP411352,7,no,15-08-2023
ORDER000000209,CUST000060,GMP7659138,SHIP412452,7,no,16-08-2023
ORDER000000209,CUST000060,RQF4948374,SHIP412452,8,no,16-08-2023
ORDER000000210,CUST000061,SOH6265119,SHIP418541,6,no,17-08-2023
ORDER000000211,CUST000064,GMP6881907,SHIP420759,10,no,18-08-2023
ORDER000000211,CUST000064,RXT6152826,SHIP420759,4,no,18-08-2023
ORDER000000212,CUST000067,WGN8391303,SHIP424277,3,no,19-08-2023
ORDER000000212,CUST000067,VTN7673932,SHIP424277,8,no,19-08-2023
ORDER000000212,CUST000067,CVM7108641,SHIP424277,7,no,19-08-2023
ORDER000000213,CUST000068,SOH0461882,SHIP425126,1,yes,20-08-2023
ORDER000000214,CUST000071,WGN4286986,SHIP426221,5,no,21-08-2023
ORDER000000214,CUST000071,NDG0052662,SHIP426221,5,no,21-08-2023
ORDER000000214,CUST000071,WGN2326014,SHIP426221,9,no,21-08-2023
ORDER000000215,CUST000073,XNF8006664,SHIP426371,7,no,22-08-2023
ORDER000000215,CUST000073,XNF2417894,SHIP426371,2,no,22-08-2023
ORDER000000216,CUST000077,GUT1774517,SHIP428506,4,no,23-08-2023
ORDER000000217,CUST000079,VTN3298402,SHIP428800,4,yes,24-08-2023
ORDER000000218,CUST000087,SGM8660622,SHIP429620,8,yes,25-08-2023
ORDER000000218,CUST000087,ROL0434925,SHIP429620,3,yes,25-08-2023
ORDER000000218,CUST000087,GMP3239617,SHIP429620,9,yes,25-08-2023
ORDER000000218,CUST000087,GMP2649022,SHIP429620,4,yes,25-08-2023
ORDER000000219,CUST000089,SOH0461882,SHIP436653,10,no,26-08-2023
ORDER000000219,CUST000089,GMP7659138,SHIP436653,9,no,26-08-2023
ORDER000000219,CUST000089,ROL3021269,SHIP436653,8,no,26-08-2023
ORDER000000219,CUST000089,XNF9523830,SHIP436653,2,no,26-08-2023
ORDER000000220,CUST000097,RXT7986310,SHIP438818,10,no,27-08-2023
ORDER000000221,CUST000102,XNF5619497,SHIP440381,9,yes,28-08-2023
ORDER000000221,CUST000102,EMC4652289,SHIP440381,5,yes,28-08-2023
ORDER000000221,CUST000102,VTN7673932,SHIP440381,4,yes,28-08-2023
ORDER000000222,CUST000108,UZJ1079680,SHIP443195,1,no,29-08-2023
ORDER000000222,CUST000108,NDG6626952,SHIP443195,5,no,29-08-2023
ORDER000000223,CUST000111,NDG5439274,SHIP443274,8,yes,31-08-2023
ORDER000000224,CUST000121,VTN1911037,SHIP446733,6,no,01-09-2023
ORDER000000224,CUST000121,XNF8461378,SHIP446733,7,no,01-09-2023
ORDER000000224,CUST000121,UZJ6286296,SHIP446733,9,no,01-09-2023
ORDER000000225,CUST000137,RXT7986310,SHIP446981,7,no,03-09-2023
ORDER000000225,CUST000137,GMP5061366,SHIP446981,5,no,03-09-2023
ORDER000000225,CUST000137,ROL0434925,SHIP446981,2,no,03-09-2023
ORDER000000225,CUST000137,VTN6860931,SHIP446981,1,no,03-09-2023
ORDER000000226,CUST000138,ZYR6461308,SHIP447114,1,no,04-09-2023
ORDER000000226,CUST000138,RXT7810350,SHIP447114,4,no,04-09-2023
ORDER000000227,CUST000140,WGN1079933,SHIP447354,6,no,05-09-2023
ORDER000000227,CUST000140,IGV0593877,SHIP447354,2,no,05-09-2023
ORDER000000227,CUST000140,VTN1911037,SHIP447354,5,no,05-09-2023
ORDER000000228,CUST000159,SOH4196001,SHIP452378,9,no,07-09-2023
ORDER000000228,CUST000159,VMZ6554297,SHIP452378,10,no,07-09-2023
ORDER000000229,CUST000169,SGM0450226,SHIP455017,10,yes,08-09-2023
ORDER000000230,CUST000175,ZYR6898465,SHIP457072,7,no,10-09-2023
ORDER000000231,CUST000185,CVM5719533,SHIP458026,4,no,11-09-2023
ORDER000000231,CUST000185,GUT6481574,SHIP458026,7,no,11-09-2023
ORDER000000232,CUST000199,YOS6212016,SHIP461844,4,no,12-09-2023
ORDER000000233,CUST000200,NDG0934437,SHIP462661,2,no,13-09-2023
ORDER000000233,CUST000200,CVM9752429,SHIP462661,10,no,13-09-2023
ORDER000000234,CUST000209,CVM6861119,SHIP463383,9,no,14-09-2023
ORDER000000234,CUST000209,SOH6265119,SHIP463383,2,no,14-09-2023
ORDER000000234,CUST000209,RXT6292302,SHIP463383,7,no,14-09-2023
ORDER000000234,CUST000209,VMZ6554297,SHIP463383,9,no,14-09-2023
ORDER000000235,CUST000210,BUV3069108,SHIP463457,7,no,16-09-2023
ORDER000000235,CUST000210,EMC2949289,SHIP463457,10,no,16-09-2023
ORDER000000236,CUST000211,XNF8050270,SHIP463988,4,yes,17-09-2023
ORDER000000237,CUST000214,GUT0947838,SHIP464284,2,yes,18-09-2023
ORDER000000238,CUST000216,GUT9287045,SHIP464453,9,yes,19-09-2023
ORDER000000238,CUST000216,GMP2306609,SHIP464453,7,yes,19-09-2023
ORDER000000238,CUST000216,CVM4430522,SHIP464453,5,yes,19-09-2023
ORDER000000239,CUST000219,SGM8660622,SHIP466208,9,yes,21-09-2023
ORDER000000239,CUST000219,ROL9431842,SHIP466208,1,yes,21-09-2023
ORDER000000239,CUST000219,XNF5619497,SHIP466208,7,yes,21-09-2023
ORDER000000240,CUST000222,GUT5184597,SHIP466545,9,no,22-09-2023
ORDER000000240,CUST000222,RKM2644108,SHIP466545,3,no,22-09-2023
ORDER000000241,CUST000236,YOS4058325,SHIP467816,6,yes,23-09-2023
ORDER000000242,CUST000238,CVM8960007,SHIP467879,3,no,24-09-2023
ORDER000000242,CUST000238,WGN9564267,SHIP467879,4,no,24-09-2023
ORDER000000242,CUST000238,WGN1079933,SHIP467879,4,no,24-09-2023
ORDER000000243,CUST000245,WGN4286986,SHIP467910,5,yes,25-09-2023
ORDER000000243,CUST000245,EMC8122674,SHIP467910,5,yes,25-09-2023
ORDER000000243,CUST000245,RXT7986310,SHIP467910,7,yes,25-09-2023
ORDER000000244,CUST000248,CVM5719533,SHIP468031,6,no,26-09-2023
ORDER000000244,CUST000248,WGN1079933,SHIP468031,2,no,26-09-2023
ORDER000000245,CUST000255,SOH4196001,SHIP468548,1,yes,27-09-2023
ORDER000000245,CUST000255,XNF8050270,SHIP468548,1,yes,27-09-2023
ORDER000000245,CUST000255,SOH0883208,SHIP468548,4,yes,27-09-2023
ORDER000000246,CUST000257,UZJ5721996,SHIP469661,9,no,28-09-2023
ORDER000000247,CUST000260,RQF6814113,SHIP474130,4,yes,29-09-2023
ORDER000000248,CUST000261,SGM1168388,SHIP476092,9,yes,30-09-2023
ORDER000000249,CUST000262,WGN8774894,SHIP477147,10,yes,01-10-2023
ORDER000000250,CUST000266,RXT4201987,SHIP478127,6,no,02-10-2023
ORDER000000251,CUST000276,RXT4875862,SHIP484995,2,yes,03-10-2023
ORDER000000252,CUST000278,VTN6860931,SHIP485489,4,no,04-10-2023
ORDER000000252,CUST000278,BUV9473177,SHIP485489,8,no,04-10-2023
ORDER000000253,CUST000281,GMP3239617,SHIP487208,3,no,05-10-2023
ORDER000000254,CUST000282,WGN4286986,SHIP488030,8,no,06-10-2023
ORDER000000255,CUST000290,RQF5434243,SHIP489945,5,no,07-10-2023
ORDER000000255,CUST000290,ROL9431842,SHIP489945,1,no,07-10-2023
ORDER000000255,CUST000290,SOH3398022,SHIP489945,10,no,07-10-2023
ORDER000000255,CUST000290,YOS5367511,SHIP489945,2,no,07-10-2023
ORDER000000256,CUST000293,CVM4321114,SHIP490670,10,yes,09-10-2023
ORDER000000257,CUST000295,UZJ6286296,SHIP490813,3,no,10-10-2023
ORDER000000258,CUST000297,GMP3251475,SHIP491679,6,no,11-10-2023
ORDER000000259,CUST000299,SGM1261956,SHIP492221,6,no,13-10-2023
ORDER000000259,CUST000299,BUV9473177,SHIP492221,5,no,13-10-2023
ORDER000000259,CUST000299,NDG2425533,SHIP492221,7,no,13-10-2023
ORDER000000259,CUST000299,EMC4652289,SHIP492221,7,no,13-10-2023
ORDER000000260,CUST000300,BUV3069108,SHIP493638,7,no,14-10-2023
ORDER000000260,CUST000300,SGM8660622,SHIP493638,10,no,14-10-2023
ORDER000000260,CUST000300,GMP3328695,SHIP493638,8,no,14-10-2023
ORDER000000261,CUST000308,YOS3505883,SHIP494570,2,no,15-10-2023
ORDER000000261,CUST000308,GMP2649022,SHIP494570,6,no,15-10-2023
ORDER000000261,CUST000308,RKM4596639,SHIP494570,2,no,15-10-2023
ORDER000000262,CUST000310,SOH6672162,SHIP498039,6,no,17-10-2023
ORDER000000262,CUST000310,EMC4652289,SHIP498039,7,no,17-10-2023
ORDER000000263,CUST000311,WGN0478286,SHIP500502,1,no,18-10-2023
ORDER000000263,CUST000311,IGV3606646,SHIP500502,7,no,18-10-2023
ORDER000000263,CUST000311,VTN7507190,SHIP500502,10,no,18-10-2023
ORDER000000264,CUST000313,UZJ7036665,SHIP500993,5,yes,19-10-2023
ORDER000000264,CUST000313,YOS6089591,SHIP500993,2,yes,19-10-2023
ORDER000000264,CUST000313,NDG8134832,SHIP500993,3,yes,19-10-2023
ORDER000000265,CUST000315,ZYR6898465,SHIP503103,1,no,20-10-2023
ORDER000000265,CUST000315,GMP6835047,SHIP503103,9,no,20-10-2023
ORDER000000265,CUST000315,RKM2644108,SHIP503103,4,no,20-10-2023
ORDER000000266,CUST000319,EMC6300933,SHIP503887,8,no,21-10-2023
ORDER000000267,CUST000320,RXT4875862,SHIP504387,7,no,22-10-2023
ORDER000000268,CUST000322,RQF5171622,SHIP506471,2,no,23-10-2023
ORDER000000268,CUST000322,SOH5564343,SHIP506471,9,no,23-10-2023
ORDER000000268,CUST000322,ZYR6211135,SHIP506471,10,no,23-10-2023
ORDER000000269,CUST000328,EMC6300933,SHIP506636,1,no,24-10-2023
ORDER000000269,CUST000328,GMP3328695,SHIP506636,1,no,24-10-2023
ORDER000000269,CUST000328,YOS4058325,SHIP506636,2,no,24-10-2023
ORDER000000270,CUST000329,WGN8774894,SHIP507281,2,yes,25-10-2023
ORDER000000270,CUST000329,XNF2417894,SHIP507281,6,yes,25-10-2023
ORDER000000270,CUST000329,CVM3228990,SHIP507281,9,yes,25-10-2023
ORDER000000271,CUST000333,BUV9473177,SHIP508415,9,no,26-10-2023
ORDER000000271,CUST000333,SOH6265119,SHIP508415,4,no,26-10-2023
ORDER000000271,CUST000333,RXT4201987,SHIP508415,9,no,26-10-2023
ORDER000000272,CUST000347,BUV5914630,SHIP508583,7,yes,27-10-2023
ORDER000000272,CUST000347,GUT9308232,SHIP508583,4,yes,27-10-2023
ORDER000000272,CUST000347,GMP2649022,SHIP508583,1,yes,27-10-2023
ORDER000000272,CUST000347,ROL4985406,SHIP508583,2,yes,27-10-2023
ORDER000000273,CUST000352,ROL0599310,SHIP508733,5,no,28-10-2023
ORDER000000274,CUST000356,UZJ7036665,SHIP508979,5,yes,29-10-2023
ORDER000000275,CUST000362,SOH0513569,SHIP509556,2,no,30-10-2023
ORDER000000275,CUST000362,RQF2232583,SHIP509556,5,no,30-10-2023
ORDER000000275,CUST000362,VTN3298402,SHIP509556,6,no,30-10-2023
ORDER000000276,CUST000364,WGN2724712,SHIP510321,3,no,31-10-2023
ORDER000000276,CUST000364,GUT7213327,SHIP510321,2,no,31-10-2023
ORDER000000276,CUST000364,WGN2326014,SHIP510321,3,no,31-10-2023
ORDER000000276,CUST000364,ROL0434925,SHIP510321,8,no,31-10-2023
ORDER000000277,CUST000366,IGV4716736,SHIP510386,7,no,01-11-2023
ORDER000000277,CUST000366,SOH0883208,SHIP510386,10,no,01-11-2023
ORDER000000277,CUST000366,YOS0518704,SHIP510386,8,no,01-11-2023
ORDER000000278,CUST000371,XNF8006664,SHIP510899,3,yes,02-11-2023
ORDER000000279,CUST000372,CVM5719533,SHIP510995,10,no,03-11-2023
ORDER000000279,CUST000372,ZYR3631072,SHIP510995,6,no,03-11-2023
ORDER000000279,CUST000372,ZYR6898465,SHIP510995,5,no,03-11-2023
ORDER000000279,CUST000372,GUT5314874,SHIP510995,5,no,03-11-2023
ORDER000000280,CUST000378,EMC4652289,SHIP511150,9,no,04-11-2023
ORDER000000280,CUST000378,IGV0776716,SHIP511150,8,no,04-11-2023
ORDER000000281,CUST000383,ROL0434925,SHIP513722,1,no,05-11-2023
ORDER000000281,CUST000383,RKM2644108,SHIP513722,2,no,05-11-2023
ORDER000000282,CUST000409,SGM8914511,SHIP514290,3,yes,06-11-2023
ORDER000000282,CUST000409,CVM4092847,SHIP514290,10,yes,06-11-2023
ORDER000000282,CUST000409,NDG0311423,SHIP514290,3,yes,06-11-2023
ORDER000000283,CUST000412,IGV4716736,SHIP514821,3,no,07-11-2023
ORDER000000283,CUST000412,NDG0311423,SHIP514821,4,no,07-11-2023
ORDER000000284,CUST000426,BUV1744147,SHIP515867,6,yes,08-11-2023
ORDER000000284,CUST000426,WGN4819865,SHIP515867,3,yes,08-11-2023
ORDER000000284,CUST000426,GUT5184597,SHIP515867,3,yes,08-11-2023
ORDER000000285,CUST000430,GMP6835047,SHIP516600,6,no,09-11-2023
ORDER000000285,CUST000430,EMC8122674,SHIP516600,3,no,09-11-2023
ORDER000000286,CUST000433,GMP5061366,SHIP516726,8,yes,10-11-2023
ORDER000000286,CUST000433,SGM5845897,SHIP516726,9,yes,10-11-2023
ORDER000000286,CUST000433,RXT2088819,SHIP516726,1,yes,10-11-2023
ORDER000000287,CUST000437,CVM4092847,SHIP518172,6,yes,11-11-2023
ORDER000000287,CUST000437,VMZ8016303,SHIP518172,8,yes,11-11-2023
ORDER000000287,CUST000437,SOH0461882,SHIP518172,10,yes,11-11-2023
ORDER000000288,CUST000440,YOS4058325,SHIP519545,3,no,12-11-2023
ORDER000000289,CUST000446,GMP3251475,SHIP520721,8,yes,13-11-2023
ORDER000000289,CUST000446,SGM8660622,SHIP520721,8,yes,13-11-2023
ORDER000000289,CUST000446,GUT3822418,SHIP520721,3,yes,13-11-2023
ORDER000000290,CUST000452,ZYR6898465,SHIP520934,1,no,14-11-2023
ORDER000000290,CUST000452,CVM4430522,SHIP520934,7,no,14-11-2023
ORDER000000291,CUST000463,WGN9564267,SHIP520964,1,no,15-11-2023
ORDER000000291,CUST000463,UZJ1079680,SHIP520964,6,no,15-11-2023
ORDER000000291,CUST000463,GUT4031004,SHIP520964,5,no,15-11-2023
ORDER000000291,CUST000463,NDG4392606,SHIP520964,3,no,15-11-2023
ORDER000000292,CUST000480,GUT0518829,SHIP521318,4,no,16-11-2023
ORDER000000292,CUST000480,GUT9308232,SHIP521318,6,no,16-11-2023
ORDER000000292,CUST000480,SOH0883208,SHIP521318,5,no,16-11-2023
ORDER000000293,CUST000487,NDG9766467,SHIP523296,1,no,17-11-2023
ORDER000000293,CUST000487,RQF2232583,SHIP523296,5,no,17-11-2023
ORDER000000293,CUST000487,ZYR3631072,SHIP523296,3,no,17-11-2023
ORDER000000293,CUST000487,RXT4875862,SHIP523296,2,no,17-11-2023
ORDER000000294,CUST000494,EMC6280101,SHIP524554,6,no,18-11-2023
ORDER000000295,CUST000495,XNF9523830,SHIP524733,5,yes,19-11-2023
ORDER000000295,CUST000495,CVM2548255,SHIP524733,4,yes,19-11-2023
ORDER000000295,CUST000495,SOH6238798,SHIP524733,4,yes,19-11-2023
ORDER000000295,CUST000495,SGM7702649,SHIP524733,7,yes,19-11-2023
ORDER000000296,CUST000500,VTN3298402,SHIP525146,3,no,20-11-2023
ORDER000000296,CUST000500,EMC0133040,SHIP525146,5,no,20-11-2023
ORDER000000296,CUST000500,NDG9450588,SHIP525146,10,no,20-11-2023
ORDER000000297,CUST000514,GUT4636895,SHIP525529,5,no,22-11-2023
ORDER000000297,CUST000514,RQF7888611,SHIP525529,8,no,22-11-2023
ORDER000000297,CUST000514,GMP5784022,SHIP525529,3,no,22-11-2023
ORDER000000297,CUST000514,RQF4948374,SHIP525529,6,no,22-11-2023
ORDER000000298,CUST000522,GUT9308232,SHIP526161,8,no,23-11-2023
ORDER000000298,CUST000522,EMC8122674,SHIP526161,7,no,23-11-2023
ORDER000000298,CUST000522,VMZ5066006,SHIP526161,6,no,23-11-2023
ORDER000000299,CUST000523,EMC5471934,SHIP527163,9,yes,24-11-2023
ORDER000000300,CUST000527,ZYR6461308,SHIP528377,7,yes,25-11-2023
ORDER000000300,CUST000527,NDG0052662,SHIP528377,1,yes,25-11-2023
ORDER000000300,CUST000527,GMP2649022,SHIP528377,2,yes,25-11-2023
ORDER000000300,CUST000527,NDG0934437,SHIP528377,1,yes,25-11-2023
ORDER000000301,CUST000528,SOH0461882,SHIP529812,7,yes,26-11-2023
ORDER000000301,CUST000528,ROL0599310,SHIP529812,2,yes,26-11-2023
ORDER000000301,CUST000528,IGV1801931,SHIP529812,7,yes,26-11-2023
ORDER000000302,CUST000529,RXT2088819,SHIP530402,2,no,27-11-2023
ORDER000000302,CUST000529,RXT1006537,SHIP530402,4,no,27-11-2023
ORDER000000302,CUST000529,EMC0133040,SHIP530402,7,no,27-11-2023
ORDER000000303,CUST000530,GUT4636895,SHIP530900,4,yes,28-11-2023
ORDER000000303,CUST000530,YOS0682654,SHIP530900,5,yes,28-11-2023
ORDER000000303,CUST000530,SOH0883208,SHIP530900,2,yes,28-11-2023
ORDER000000304,CUST000535,RXT6292302,SHIP531442,10,no,29-11-2023
ORDER000000304,CUST000535,VTN1911037,SHIP531442,2,no,29-11-2023
ORDER000000304,CUST000535,VMZ0003081,SHIP531442,4,no,29-11-2023
ORDER000000305,CUST000543,SGM0450226,SHIP531790,4,yes,01-12-2023
ORDER000000305,CUST000543,WGN8000358,SHIP531790,1,yes,01-12-2023
ORDER000000306,CUST000544,GUT0518829,SHIP531794,9,no,02-12-2023
ORDER000000306,CUST000544,SGM0450226,SHIP531794,7,no,02-12-2023
ORDER000000306,CUST000544,XNF5619497,SHIP531794,1,no,02-12-2023
ORDER000000306,CUST000544,GUT5314874,SHIP531794,7,no,02-12-2023
ORDER000000307,CUST000549,GUT0947838,SHIP532686,1,yes,03-12-2023
ORDER000000307,CUST000549,CVM4092847,SHIP532686,9,yes,03-12-2023
ORDER000000307,CUST000549,RQF5171622,SHIP532686,9,yes,03-12-2023
ORDER000000308,CUST000550,XNF7023344,SHIP532777,10,yes,04-12-2023
ORDER000000308,CUST000550,ZYR3631072,SHIP532777,10,yes,04-12-2023
ORDER000000308,CUST000550,BUV5914630,SHIP532777,8,yes,04-12-2023
ORDER000000308,CUST000550,VMZ7358222,SHIP532777,4,yes,04-12-2023
ORDER000000309,CUST000555,GUT6481574,SHIP533611,9,no,05-12-2023
ORDER000000309,CUST000555,XNF2417894,SHIP533611,3,no,05-12-2023
ORDER000000309,CUST000555,WGN4819865,SHIP533611,8,no,05-12-2023
ORDER000000309,CUST000555,GUT5184597,SHIP533611,5,no,05-12-2023
ORDER000000310,CUST000560,NDG0052662,SHIP535947,8,yes,06-12-2023
ORDER000000310,CUST000560,UZJ7036665,SHIP535947,10,yes,06-12-2023
ORDER000000310,CUST000560,WGN8890085,SHIP535947,6,yes,06-12-2023
ORDER000000310,CUST000560,RXT6152826,SHIP535947,10,yes,06-12-2023
ORDER000000311,CUST000571,VMZ1353670,SHIP536631,6,no,07-12-2023
ORDER000000311,CUST000571,IGV0776716,SHIP536631,6,no,07-12-2023
ORDER000000311,CUST000571,RXT4201987,SHIP536631,9,no,07-12-2023
ORDER000000312,CUST000579,IGV0593877,SHIP536866,4,no,08-12-2023
ORDER000000313,CUST000584,UZJ1821862,SHIP539511,7,yes,10-12-2023
ORDER000000314,CUST000585,CVM2548255,SHIP540071,10,no,11-12-2023
ORDER000000314,CUST000585,BUV9473177,SHIP540071,1,no,11-12-2023
ORDER000000315,CUST000590,GUT9287045,SHIP541075,2,no,12-12-2023
ORDER000000315,CUST000590,VTN8995065,SHIP541075,3,no,12-12-2023
ORDER000000316,CUST000591,XNF2417894,SHIP542028,10,yes,13-12-2023
ORDER000000316,CUST000591,YOS6089591,SHIP542028,10,yes,13-12-2023
ORDER000000316,CUST000591,VMZ8016303,SHIP542028,10,yes,13-12-2023
ORDER000000317,CUST000596,SGM1168388,SHIP543165,1,yes,14-12-2023
ORDER000000317,CUST000596,YOS3340791,SHIP543165,3,yes,14-12-2023
ORDER000000317,CUST000596,SOH3398022,SHIP543165,1,yes,14-12-2023
ORDER000000317,CUST000596,CVM4092847,SHIP543165,1,yes,14-12-2023
ORDER000000318,CUST000600,SOH8039450,SHIP544553,1,no,15-12-2023
ORDER000000318,CUST000600,RQF2232583,SHIP544553,8,no,15-12-2023
ORDER000000318,CUST000600,WGN8890085,SHIP544553,2,no,15-12-2023
ORDER000000318,CUST000600,IGV0984000,SHIP544553,6,no,15-12-2023
ORDER000000319,CUST000602,GMP5784022,SHIP545054,5,no,16-12-2023
ORDER000000319,CUST000602,EMC8122674,SHIP545054,8,no,16-12-2023
ORDER000000319,CUST000602,CVM7108641,SHIP545054,8,no,16-12-2023
ORDER000000319,CUST000602,SGM5845897,SHIP545054,3,no,16-12-2023
ORDER000000320,CUST000605,GMP7659138,SHIP546117,2,yes,17-12-2023
ORDER000000320,CUST000605,RQF8578163,SHIP546117,10,yes,17-12-2023
ORDER000000320,CUST000605,XNF9146114,SHIP546117,10,yes,17-12-2023
ORDER000000320,CUST000605,EMC0133040,SHIP546117,7,yes,17-12-2023
ORDER000000321,CUST000614,XNF9523830,SHIP546459,4,no,18-12-2023
ORDER000000321,CUST000614,SOH5564343,SHIP546459,3,no,18-12-2023
ORDER000000321,CUST000614,ROL0599310,SHIP546459,9,no,18-12-2023
ORDER000000321,CUST000614,EMC6280101,SHIP546459,8,no,18-12-2023
ORDER000000322,CUST000618,GMP6835047,SHIP547732,4,no,19-12-2023
ORDER000000322,CUST000618,WGN8000358,SHIP547732,2,no,19-12-2023
ORDER000000323,CUST000622,SGM8660622,SHIP550158,6,no,20-12-2023
ORDER000000323,CUST000622,NDG0052662,SHIP550158,3,no,20-12-2023
ORDER000000324,CUST000627,XNF8050270,SHIP550184,7,no,22-12-2023
ORDER000000324,CUST000627,VTN1911037,SHIP550184,3,no,22-12-2023
ORDER000000324,CUST000627,VMZ5066006,SHIP550184,1,no,22-12-2023
ORDER000000324,CUST000627,CVM4430522,SHIP550184,1,no,22-12-2023
ORDER000000325,CUST000636,XNF9146114,SHIP551279,10,no,23-12-2023
ORDER000000325,CUST000636,GUT0518829,SHIP551279,7,no,23-12-2023
ORDER000000325,CUST000636,BUV5972506,SHIP551279,5,no,23-12-2023
ORDER000000326,CUST000637,NDG9450588,SHIP552690,5,no,24-12-2023
ORDER000000326,CUST000637,ROL9431842,SHIP552690,3,no,24-12-2023
ORDER000000327,CUST000644,GMP5784022,SHIP552920,6,no,25-12-2023
ORDER000000327,CUST000644,GMP3328695,SHIP552920,6,no,25-12-2023
ORDER000000328,CUST000645,EMC9818609,SHIP555810,9,yes,26-12-2023
ORDER000000329,CUST000650,VTN6860931,SHIP557264,9,no,27-12-2023
ORDER000000329,CUST000650,GMP3239617,SHIP557264,8,no,27-12-2023
ORDER000000329,CUST000650,VMZ7358222,SHIP557264,10,no,27-12-2023
ORDER000000329,CUST000650,XNF4550349,SHIP557264,2,no,27-12-2023
ORDER000000330,CUST000651,VMZ1353670,SHIP561084,1,yes,28-12-2023
ORDER000000330,CUST000651,UZJ1079680,SHIP561084,10,yes,28-12-2023
ORDER000000331,CUST000653,RKM2644108,SHIP561561,3,no,29-12-2023
ORDER000000331,CUST000653,NDG0311423,SHIP561561,7,no,29-12-2023
ORDER000000331,CUST000653,XNF3314925,SHIP561561,1,no,29-12-2023
ORDER000000331,CUST000653,CVM4092847,SHIP561561,4,no,29-12-2023
ORDER000000332,CUST000657,VMZ7358222,SHIP564719,6,no,30-12-2023
ORDER000000332,CUST000657,SGM7702649,SHIP564719,3,no,30-12-2023
ORDER000000333,CUST000661,GMP2649022,SHIP570017,5,yes,31-12-2023
ORDER000000333,CUST000661,VTN8452917,SHIP570017,6,yes,31-12-2023
ORDER000000333,CUST000661,IGV3606646,SHIP570017,1,yes,31-12-2023
ORDER000000333,CUST000661,GUT1774517,SHIP570017,1,yes,31-12-2023
ORDER000000334,CUST000663,GMP0900162,SHIP574819,6,yes,01-01-2024
ORDER000000334,CUST000663,CVM4321114,SHIP574819,9,yes,01-01-2024
ORDER000000335,CUST000669,SOH6238798,SHIP575505,9,no,02-01-2024
ORDER000000335,CUST000669,RQF7888611,SHIP575505,6,no,02-01-2024
ORDER000000336,CUST000671,VMZ1353670,SHIP576550,7,no,03-01-2024
ORDER000000337,CUST000678,EMC4652289,SHIP577922,8,no,04-01-2024
ORDER000000338,CUST000679,YOS5367511,SHIP578804,9,yes,05-01-2024
ORDER000000339,CUST000680,SOH4196001,SHIP581188,9,yes,06-01-2024
ORDER000000339,CUST000680,IGV3606646,SHIP581188,4,yes,06-01-2024
ORDER000000339,CUST000680,CVM7150748,SHIP581188,5,yes,06-01-2024
ORDER000000340,CUST000688,SGM5845897,SHIP582921,1,no,07-01-2024
ORDER000000340,CUST000688,SGM8660622,SHIP582921,4,no,07-01-2024
ORDER000000341,CUST000690,VTN7507190,SHIP584391,3,no,08-01-2024
ORDER000000341,CUST000690,GMP2649022,SHIP584391,4,no,08-01-2024
ORDER000000342,CUST000693,YOS6212016,SHIP584439,6,yes,09-01-2024
ORDER000000342,CUST000693,WGN0478286,SHIP584439,1,yes,09-01-2024
ORDER000000342,CUST000693,NDG9558150,SHIP584439,5,yes,09-01-2024
ORDER000000343,CUST000698,ZYR6898465,SHIP585325,9,yes,10-01-2024
ORDER000000344,CUST000714,YOS4058325,SHIP588157,2,no,11-01-2024
ORDER000000344,CUST000714,RKM3819872,SHIP588157,2,no,11-01-2024
ORDER000000344,CUST000714,GMP7659138,SHIP588157,6,no,11-01-2024
ORDER000000345,CUST000715,SOH4886681,SHIP588251,7,yes,12-01-2024
ORDER000000345,CUST000715,YOS0682654,SHIP588251,2,yes,12-01-2024
ORDER000000345,CUST000715,GMP5061366,SHIP588251,4,yes,12-01-2024
ORDER000000346,CUST000717,BUV5972506,SHIP591035,7,yes,13-01-2024
ORDER000000347,CUST000722,XNF3197193,SHIP592329,10,no,15-01-2024
ORDER000000347,CUST000722,VTN8452917,SHIP592329,5,no,15-01-2024
ORDER000000348,CUST000738,UZJ1079680,SHIP592573,8,no,16-01-2024
ORDER000000348,CUST000738,VTN6099871,SHIP592573,3,no,16-01-2024
ORDER000000348,CUST000738,YOS0682654,SHIP592573,1,no,16-01-2024
ORDER000000348,CUST000738,GUT4031004,SHIP592573,2,no,16-01-2024
ORDER000000349,CUST000741,EMC4652289,SHIP593987,2,no,17-01-2024
ORDER000000349,CUST000741,YOS2243963,SHIP593987,8,no,17-01-2024
ORDER000000350,CUST000742,NDG9450588,SHIP595443,4,no,18-01-2024
ORDER000000351,CUST000750,WGN8890085,SHIP599317,4,yes,19-01-2024
ORDER000000351,CUST000750,CVM0949863,SHIP599317,8,yes,19-01-2024
ORDER000000351,CUST000750,VTN1911037,SHIP599317,5,yes,19-01-2024
ORDER000000351,CUST000750,CVM4321114,SHIP599317,4,yes,19-01-2024
ORDER000000352,CUST000754,RQF7888611,SHIP599418,8,no,20-01-2024
ORDER000000353,CUST000762,VTN6099871,SHIP601282,9,no,21-01-2024
ORDER000000354,CUST000765,VTN5556900,SHIP601577,9,no,22-01-2024
ORDER000000354,CUST000765,XNF9523830,SHIP601577,8,no,22-01-2024
ORDER000000354,CUST000765,RQF8578163,SHIP601577,6,no,22-01-2024
ORDER000000354,CUST000765,WGN8774894,SHIP601577,2,no,22-01-2024
ORDER000000355,CUST000768,WGN9564267,SHIP602211,2,yes,23-01-2024
ORDER000000355,CUST000768,WGN0117710,SHIP602211,1,yes,23-01-2024
ORDER000000355,CUST000768,GUT9287045,SHIP602211,10,yes,23-01-2024
ORDER000000356,CUST000788,GMP5784022,SHIP607687,7,no,24-01-2024
ORDER000000356,CUST000788,ZYR1012336,SHIP607687,8,no,24-01-2024
ORDER000000356,CUST000788,EMC5471934,SHIP607687,1,no,24-01-2024
ORDER000000356,CUST000788,SGM1700439,SHIP607687,3,no,24-01-2024
ORDER000000357,CUST000801,UZJ1821862,SHIP608165,6,yes,25-01-2024
ORDER000000357,CUST000801,RKM5467286,SHIP608165,9,yes,25-01-2024
ORDER000000357,CUST000801,IGV0593877,SHIP608165,6,yes,25-01-2024
ORDER000000357,CUST000801,GUT1451607,SHIP608165,3,yes,25-01-2024
ORDER000000358,CUST000803,GMP9633702,SHIP608428,9,no,26-01-2024
ORDER000000358,CUST000803,GMP2649022,SHIP608428,5,no,26-01-2024
ORDER000000358,CUST000803,SGM5902996,SHIP608428,2,no,26-01-2024
ORDER000000358,CUST000803,NDG0311423,SHIP608428,2,no,26-01-2024
ORDER000000359,CUST000811,EMC6629775,SHIP611520,6,no,27-01-2024
ORDER000000359,CUST000811,IGV0984000,SHIP611520,5,no,27-01-2024
ORDER000000360,CUST000812,RQF8578163,SHIP616498,8,no,28-01-2024
ORDER000000361,CUST000817,NDG5839108,SHIP617443,9,yes,29-01-2024
ORDER000000361,CUST000817,YOS5430642,SHIP617443,5,yes,29-01-2024
ORDER000000361,CUST000817,RKM6071262,SHIP617443,10,yes,29-01-2024
ORDER000000362,CUST000821,GMP2306609,SHIP618540,9,yes,30-01-2024
ORDER000000362,CUST000821,XNF7023344,SHIP618540,7,yes,30-01-2024
ORDER000000362,CUST000821,VMZ8631818,SHIP618540,7,yes,30-01-2024
ORDER000000363,CUST000823,GUT9308232,SHIP618930,6,yes,31-01-2024
ORDER000000363,CUST000823,VMZ1353670,SHIP618930,4,yes,31-01-2024
ORDER000000363,CUST000823,WGN8774894,SHIP618930,9,yes,31-01-2024
ORDER000000364,CUST000824,SGM0450226,SHIP619945,2,yes,01-02-2024
ORDER000000364,CUST000824,VTN3298402,SHIP619945,1,yes,01-02-2024
ORDER000000365,CUST000827,ZYR6898465,SHIP621567,10,no,02-02-2024
ORDER000000365,CUST000827,GUT5184597,SHIP621567,6,no,02-02-2024
ORDER000000365,CUST000827,WGN4286986,SHIP621567,10,no,02-02-2024
ORDER000000365,CUST000827,GUT7213327,SHIP621567,4,no,02-02-2024
ORDER000000366,CUST000830,GUT1451607,SHIP622906,4,yes,03-02-2024
ORDER000000367,CUST000838,RXT2088819,SHIP625618,10,no,04-02-2024
ORDER000000368,CUST000846,CVM7108641,SHIP632676,8,no,05-02-2024
ORDER000000368,CUST000846,RXT7986310,SHIP632676,10,no,05-02-2024
ORDER000000368,CUST000846,NDG8134832,SHIP632676,5,no,05-02-2024
ORDER000000368,CUST000846,BUV5972506,SHIP632676,6,no,05-02-2024
ORDER000000369,CUST000850,EMC9818609,SHIP636899,3,no,06-02-2024
ORDER000000369,CUST000850,ZYR1012336,SHIP636899,8,no,06-02-2024
ORDER000000370,CUST000860,SGM1700439,SHIP638726,4,no,07-02-2024
ORDER000000370,CUST000860,GUT5184597,SHIP638726,9,no,07-02-2024
ORDER000000370,CUST000860,VTN8995065,SHIP638726,5,no,07-02-2024
ORDER000000370,CUST000860,SOH5564343,SHIP638726,10,no,07-02-2024
ORDER000000371,CUST000866,NDG8635647,SHIP643083,6,no,08-02-2024
ORDER000000371,CUST000866,SOH6238798,SHIP643083,2,no,08-02-2024
ORDER000000372,CUST000867,RXT4875862,SHIP645775,2,no,10-02-2024
ORDER000000372,CUST000867,SGM1261956,SHIP645775,6,no,10-02-2024
ORDER000000372,CUST000867,SOH6238798,SHIP645775,5,no,10-02-2024
ORDER000000373,CUST000868,XNF5619497,SHIP648071,8,no,11-02-2024
ORDER000000373,CUST000868,RQF4948374,SHIP648071,6,no,11-02-2024
ORDER000000373,CUST000868,CVM7150748,SHIP648071,9,no,11-02-2024
ORDER000000374,CUST000880,BUV3069108,SHIP652926,8,yes,12-02-2024
ORDER000000374,CUST000880,SGM7702649,SHIP652926,4,yes,12-02-2024
ORDER000000374,CUST000880,IGV0593877,SHIP652926,6,yes,12-02-2024
ORDER000000375,CUST000884,GUT4031004,SHIP654528,3,no,13-02-2024
ORDER000000375,CUST000884,GMP0900162,SHIP654528,2,no,13-02-2024
ORDER000000376,CUST000885,ZYR6461308,SHIP654592,9,no,14-02-2024
ORDER000000376,CUST000885,GUT9287045,SHIP654592,10,no,14-02-2024
ORDER000000376,CUST000885,RQF7888611,SHIP654592,5,no,14-02-2024
ORDER000000377,CUST000893,VTN6860931,SHIP654888,9,no,16-02-2024
ORDER000000377,CUST000893,EMC4652289,SHIP654888,3,no,16-02-2024
ORDER000000378,CUST000894,RQF4948374,SHIP655482,2,no,17-02-2024
ORDER000000378,CUST000894,GUT1451607,SHIP655482,6,no,17-02-2024
ORDER000000378,CUST000894,GUT4031004,SHIP655482,10,no,17-02-2024
ORDER000000378,CUST000894,SGM7702649,SHIP655482,4,no,17-02-2024
ORDER000000379,CUST000900,SOH5564343,SHIP656045,8,yes,18-02-2024
ORDER000000380,CUST000902,VMZ8016303,SHIP656240,2,yes,19-02-2024
ORDER000000380,CUST000902,WGN8774894,SHIP656240,4,yes,19-02-2024
ORDER000000380,CUST000902,VMZ1353670,SHIP656240,3,yes,19-02-2024
ORDER000000381,CUST000903,UZJ1079680,SHIP656510,6,no,20-02-2024
ORDER000000382,CUST000915,GMP3328695,SHIP657395,1,no,21-02-2024
ORDER000000382,CUST000915,RKM3819872,SHIP657395,3,no,21-02-2024
ORDER000000382,CUST000915,RQF9536186,SHIP657395,8,no,21-02-2024
ORDER000000383,CUST000918,NDG9450588,SHIP660200,10,no,22-02-2024
ORDER000000383,CUST000918,GUT0947838,SHIP660200,4,no,22-02-2024
ORDER000000383,CUST000918,NDG0311423,SHIP660200,1,no,22-02-2024
ORDER000000384,CUST000925,SOH4886681,SHIP660324,3,yes,23-02-2024
ORDER000000384,CUST000925,EMC0133040,SHIP660324,10,yes,23-02-2024
ORDER000000384,CUST000925,EMC6280101,SHIP660324,6,yes,23-02-2024
ORDER000000384,CUST000925,WGN8890085,SHIP660324,10,yes,23-02-2024
ORDER000000385,CUST000937,CVM6861119,SHIP660528,10,no,24-02-2024
ORDER000000385,CUST000937,XNF8050270,SHIP660528,4,no,24-02-2024
ORDER000000385,CUST000937,GUT5314874,SHIP660528,3,no,24-02-2024
ORDER000000386,CUST000939,CVM4092847,SHIP661511,3,no,25-02-2024
ORDER000000386,CUST000939,GMP0900162,SHIP661511,10,no,25-02-2024
ORDER000000386,CUST000939,NDG8134832,SHIP661511,2,no,25-02-2024
ORDER000000386,CUST000939,VTN7804346,SHIP661511,5,no,25-02-2024
ORDER000000387,CUST000942,YOS5367511,SHIP663843,9,yes,26-02-2024
ORDER000000387,CUST000942,ROL9431842,SHIP663843,4,yes,26-02-2024
ORDER000000387,CUST000942,CVM3228990,SHIP663843,3,yes,26-02-2024
ORDER000000387,CUST000942,GUT1774517,SHIP663843,3,yes,26-02-2024
ORDER000000388,CUST000943,SGM5845897,SHIP665437,1,yes,27-02-2024
ORDER000000388,CUST000943,UZJ9680772,SHIP665437,5,yes,27-02-2024
ORDER000000389,CUST000948,CVM3031723,SHIP666732,1,yes,28-02-2024
